episode, reward, steps, success, n_collisions, n_unique_collisions, timedout
0.0,-75.54586791992188,242.0,1.0,0.0,0.0,0.0
1.0,-144.90042114257812,182.0,0.0,1.0,1.0,0.0
2.0,-239.4952850341797,194.0,0.0,2.0,2.0,0.0
3.0,-43.919158935546875,279.0,1.0,0.0,0.0,0.0
4.0,-323.9950866699219,161.0,0.0,3.0,3.0,0.0
5.0,-231.0988311767578,235.0,0.0,2.0,2.0,0.0
6.0,-580.158203125,248.0,0.0,3.0,3.0,0.0
7.0,-415.02301025390625,448.0,0.0,2.0,2.0,0.0
8.0,-467.5594482421875,341.0,0.0,2.0,2.0,0.0
9.0,-473.33770751953125,220.0,0.0,3.0,3.0,0.0
10.0,-582.932861328125,315.0,0.0,3.0,3.0,0.0
11.0,-540.4861450195312,343.0,0.0,2.0,2.0,0.0
12.0,-745.7394409179688,339.0,0.0,3.0,3.0,0.0
13.0,-400.81890869140625,333.0,0.0,1.0,1.0,0.0
14.0,-524.9918823242188,573.0,0.0,1.0,1.0,0.0
15.0,-879.2596435546875,370.0,0.0,2.0,2.0,0.0
16.0,-326.37713623046875,278.0,0.0,2.0,2.0,0.0
17.0,-150.89768981933594,252.0,1.0,0.0,0.0,0.0
18.0,-278.5899353027344,278.0,0.0,1.0,1.0,0.0
19.0,-380.7265625,238.0,0.0,1.0,1.0,0.0
20.0,-429.377685546875,387.0,0.0,2.0,2.0,0.0
21.0,-182.13131713867188,270.0,1.0,0.0,0.0,0.0
22.0,-418.9658203125,181.0,0.0,3.0,3.0,0.0
23.0,-306.17425537109375,274.0,0.0,2.0,2.0,0.0
24.0,-203.78359985351562,292.0,0.0,1.0,1.0,0.0
25.0,-283.4124450683594,324.0,0.0,1.0,1.0,0.0
26.0,-254.4702606201172,366.0,0.0,1.0,1.0,0.0
27.0,-430.215576171875,328.0,0.0,2.0,2.0,0.0
28.0,-273.79052734375,259.0,0.0,1.0,1.0,0.0
29.0,-172.92660522460938,227.0,0.0,1.0,1.0,0.0
30.0,-325.9836730957031,295.0,0.0,1.0,1.0,0.0
31.0,-161.28892517089844,272.0,1.0,0.0,0.0,0.0
32.0,-308.51593017578125,251.0,0.0,1.0,1.0,0.0
33.0,-649.6583251953125,231.0,0.0,3.0,3.0,0.0
34.0,-408.14495849609375,264.0,0.0,1.0,1.0,0.0
35.0,-582.2421264648438,234.0,0.0,3.0,3.0,0.0
36.0,-252.18978881835938,256.0,0.0,1.0,1.0,0.0
37.0,-105.10804748535156,289.0,1.0,0.0,0.0,0.0
38.0,-165.63458251953125,271.0,0.0,1.0,1.0,0.0
39.0,-253.12872314453125,255.0,0.0,1.0,1.0,0.0
40.0,-231.2326202392578,264.0,0.0,1.0,1.0,0.0
41.0,-186.85533142089844,313.0,0.0,1.0,1.0,0.0
42.0,-424.2756042480469,250.0,0.0,2.0,2.0,0.0
43.0,-113.75167846679688,344.0,1.0,0.0,0.0,0.0
44.0,-145.39923095703125,239.0,1.0,0.0,0.0,0.0
45.0,-180.8892822265625,263.0,0.0,1.0,1.0,0.0
46.0,-119.20614624023438,378.0,1.0,0.0,0.0,0.0
47.0,-146.92774963378906,271.0,0.0,1.0,1.0,0.0
48.0,-258.666748046875,233.0,0.0,2.0,2.0,0.0
49.0,-234.70486450195312,282.0,0.0,1.0,1.0,0.0
50.0,-329.46759033203125,196.0,0.0,2.0,2.0,0.0
51.0,-503.3779602050781,289.0,0.0,2.0,2.0,0.0
52.0,-113.4922103881836,210.0,1.0,0.0,0.0,0.0
53.0,-81.22428894042969,256.0,1.0,0.0,0.0,0.0
54.0,-83.02759552001953,321.0,1.0,0.0,0.0,0.0
55.0,-222.37570190429688,206.0,0.0,1.0,1.0,0.0
56.0,-163.35067749023438,238.0,0.0,1.0,1.0,0.0
57.0,-81.06144714355469,292.0,1.0,0.0,0.0,0.0
58.0,-205.15045166015625,316.0,0.0,1.0,1.0,0.0
59.0,-168.65907287597656,227.0,0.0,1.0,1.0,0.0
60.0,-316.0277099609375,325.0,0.0,1.0,1.0,0.0
61.0,-199.41702270507812,190.0,0.0,1.0,1.0,0.0
62.0,-261.1446533203125,301.0,0.0,2.0,2.0,0.0
63.0,-185.31741333007812,211.0,0.0,1.0,1.0,0.0
64.0,-454.124755859375,214.0,0.0,3.0,3.0,0.0
65.0,-151.459716796875,242.0,0.0,1.0,1.0,0.0
66.0,-210.3761444091797,253.0,0.0,1.0,1.0,0.0
67.0,-65.94517517089844,212.0,1.0,0.0,0.0,0.0
68.0,-289.7244567871094,177.0,0.0,2.0,2.0,0.0
69.0,-171.63284301757812,216.0,0.0,1.0,1.0,0.0
70.0,-83.56636047363281,243.0,1.0,0.0,0.0,0.0
71.0,-163.570556640625,212.0,0.0,1.0,1.0,0.0
72.0,-228.69390869140625,263.0,0.0,1.0,1.0,0.0
73.0,-152.23362731933594,418.0,0.0,1.0,1.0,0.0
74.0,-376.99053955078125,283.0,0.0,2.0,2.0,0.0
75.0,-149.71656799316406,207.0,0.0,1.0,1.0,0.0
76.0,-236.05682373046875,189.0,0.0,1.0,1.0,0.0
77.0,-253.35275268554688,220.0,0.0,2.0,2.0,0.0
78.0,-175.68756103515625,224.0,0.0,1.0,1.0,0.0
79.0,-185.65663146972656,320.0,0.0,1.0,1.0,0.0
80.0,-480.7878723144531,166.0,0.0,4.0,4.0,0.0
81.0,-64.58361053466797,373.0,1.0,0.0,0.0,0.0
82.0,-50.933685302734375,298.0,1.0,0.0,0.0,0.0
83.0,-203.38255310058594,247.0,0.0,1.0,1.0,0.0
84.0,-153.29611206054688,273.0,0.0,1.0,1.0,0.0
85.0,-285.0520935058594,188.0,0.0,2.0,2.0,0.0
86.0,-154.1200714111328,305.0,0.0,1.0,1.0,0.0
87.0,-346.1375427246094,233.0,0.0,2.0,2.0,0.0
88.0,-266.9798889160156,203.0,0.0,2.0,2.0,0.0
89.0,-164.8179473876953,243.0,0.0,1.0,1.0,0.0
90.0,-93.871337890625,348.0,1.0,0.0,0.0,0.0
91.0,-78.62480926513672,361.0,1.0,0.0,0.0,0.0
92.0,-229.85250854492188,310.0,0.0,1.0,1.0,0.0
93.0,-191.109130859375,213.0,0.0,1.0,1.0,0.0
94.0,-153.52127075195312,233.0,0.0,1.0,1.0,0.0
95.0,-585.9283447265625,198.0,0.0,4.0,4.0,0.0
96.0,-292.0643310546875,229.0,0.0,1.0,1.0,0.0
97.0,-58.665008544921875,249.0,1.0,0.0,0.0,0.0
98.0,-307.30731201171875,256.0,0.0,2.0,2.0,0.0
99.0,-146.29925537109375,318.0,0.0,1.0,1.0,0.0
100.0,-121.00089263916016,223.0,1.0,0.0,0.0,0.0
101.0,-247.92047119140625,232.0,0.0,1.0,1.0,0.0
102.0,-155.99928283691406,265.0,0.0,1.0,1.0,0.0
103.0,-433.83270263671875,263.0,0.0,2.0,2.0,0.0
104.0,-233.0511016845703,282.0,0.0,1.0,1.0,0.0
105.0,-163.42892456054688,177.0,0.0,1.0,1.0,0.0
106.0,-180.5008544921875,189.0,0.0,1.0,1.0,0.0
107.0,-317.40924072265625,229.0,0.0,1.0,1.0,0.0
108.0,-163.0846405029297,261.0,0.0,1.0,1.0,0.0
109.0,-84.57579040527344,252.0,1.0,0.0,0.0,0.0
110.0,-74.69429779052734,272.0,1.0,0.0,0.0,0.0
111.0,-95.47941589355469,223.0,1.0,0.0,0.0,0.0
112.0,-303.51568603515625,190.0,0.0,2.0,2.0,0.0
113.0,-55.75120544433594,234.0,1.0,0.0,0.0,0.0
114.0,-52.9568977355957,223.0,1.0,0.0,0.0,0.0
115.0,-52.391456604003906,274.0,1.0,0.0,0.0,0.0
116.0,-158.22430419921875,259.0,0.0,1.0,1.0,0.0
117.0,-149.32261657714844,297.0,0.0,1.0,1.0,0.0
118.0,-158.34124755859375,212.0,0.0,1.0,1.0,0.0
119.0,-118.418212890625,218.0,1.0,0.0,0.0,0.0
120.0,-321.1563415527344,371.0,0.0,2.0,2.0,0.0
121.0,-139.07879638671875,245.0,0.0,1.0,1.0,0.0
122.0,-558.5145263671875,198.0,0.0,3.0,3.0,0.0
123.0,-348.0303039550781,249.0,0.0,2.0,2.0,0.0
124.0,-167.6630859375,349.0,1.0,0.0,0.0,0.0
125.0,-128.43295288085938,223.0,1.0,0.0,0.0,0.0
126.0,-69.21577453613281,222.0,1.0,0.0,0.0,0.0
127.0,-58.29983901977539,301.0,1.0,0.0,0.0,0.0
128.0,-237.65603637695312,258.0,0.0,1.0,1.0,0.0
129.0,-67.04627227783203,205.0,1.0,0.0,0.0,0.0
130.0,-118.41458129882812,345.0,1.0,0.0,0.0,0.0
131.0,-73.82832336425781,245.0,1.0,0.0,0.0,0.0
132.0,-110.37061309814453,261.0,1.0,0.0,0.0,0.0
133.0,-271.9056701660156,348.0,0.0,1.0,1.0,0.0
134.0,-348.0281982421875,211.0,0.0,2.0,2.0,0.0
135.0,-150.51907348632812,290.0,0.0,1.0,1.0,0.0
136.0,-242.86465454101562,287.0,0.0,1.0,1.0,0.0
137.0,-204.36605834960938,212.0,0.0,1.0,1.0,0.0
138.0,-90.35845947265625,227.0,1.0,0.0,0.0,0.0
139.0,-67.90142822265625,239.0,1.0,0.0,0.0,0.0
140.0,-92.76242065429688,245.0,1.0,0.0,0.0,0.0
141.0,-77.3014907836914,175.0,1.0,0.0,0.0,0.0
142.0,-798.0386962890625,249.0,0.0,4.0,4.0,0.0
143.0,-100.4431381225586,204.0,1.0,0.0,0.0,0.0
144.0,-39.971553802490234,417.0,1.0,0.0,0.0,0.0
145.0,-122.25242614746094,254.0,1.0,0.0,0.0,0.0
146.0,-406.10009765625,251.0,0.0,2.0,2.0,0.0
147.0,-101.18623352050781,222.0,1.0,0.0,0.0,0.0
148.0,-46.30335235595703,250.0,1.0,0.0,0.0,0.0
149.0,-283.66253662109375,235.0,0.0,1.0,1.0,0.0
150.0,-152.02883911132812,302.0,0.0,1.0,1.0,0.0
151.0,-219.96652221679688,200.0,0.0,1.0,1.0,0.0
152.0,-91.09869384765625,281.0,1.0,0.0,0.0,0.0
153.0,-150.6720733642578,278.0,0.0,1.0,1.0,0.0
154.0,-75.8836441040039,218.0,1.0,0.0,0.0,0.0
155.0,-392.0134582519531,215.0,0.0,2.0,2.0,0.0
156.0,-221.42355346679688,239.0,0.0,1.0,1.0,0.0
157.0,-70.30795288085938,196.0,1.0,0.0,0.0,0.0
158.0,-155.6158905029297,226.0,0.0,1.0,1.0,0.0
159.0,-198.6149444580078,343.0,0.0,1.0,1.0,0.0
160.0,-261.311767578125,205.0,0.0,1.0,1.0,0.0
161.0,-67.71168518066406,222.0,1.0,0.0,0.0,0.0
162.0,-65.64283752441406,288.0,1.0,0.0,0.0,0.0
163.0,-83.57791137695312,268.0,1.0,0.0,0.0,0.0
164.0,-157.4038543701172,213.0,0.0,1.0,1.0,0.0
165.0,-43.820762634277344,202.0,1.0,0.0,0.0,0.0
166.0,-663.691162109375,214.0,0.0,3.0,3.0,0.0
167.0,-272.9619445800781,297.0,0.0,2.0,2.0,0.0
168.0,-194.55926513671875,216.0,0.0,1.0,1.0,0.0
169.0,-87.99969482421875,324.0,1.0,0.0,0.0,0.0
170.0,-73.15766906738281,261.0,1.0,0.0,0.0,0.0
171.0,-57.45038986206055,247.0,1.0,0.0,0.0,0.0
172.0,-66.44110870361328,196.0,1.0,0.0,0.0,0.0
173.0,-640.509765625,210.0,0.0,3.0,3.0,0.0
174.0,-210.65940856933594,206.0,0.0,1.0,1.0,0.0
175.0,-168.60670471191406,289.0,0.0,1.0,1.0,0.0
176.0,-232.398193359375,263.0,0.0,1.0,1.0,0.0
177.0,-666.6910400390625,197.0,0.0,4.0,4.0,0.0
178.0,-32.100929260253906,352.0,1.0,0.0,0.0,0.0
179.0,-261.265625,311.0,0.0,2.0,2.0,0.0
180.0,-319.90850830078125,212.0,0.0,2.0,2.0,0.0
181.0,-321.18646240234375,218.0,0.0,2.0,2.0,0.0
182.0,-77.57002258300781,198.0,1.0,0.0,0.0,0.0
183.0,-42.08155822753906,309.0,1.0,0.0,0.0,0.0
184.0,-469.77984619140625,266.0,0.0,2.0,2.0,0.0
185.0,-85.53976440429688,225.0,1.0,0.0,0.0,0.0
186.0,-205.2991485595703,300.0,0.0,1.0,1.0,0.0
187.0,-59.59759521484375,219.0,1.0,0.0,0.0,0.0
188.0,-610.415771484375,226.0,0.0,3.0,3.0,0.0
189.0,-403.9539794921875,233.0,0.0,1.0,1.0,0.0
190.0,-53.120765686035156,256.0,1.0,0.0,0.0,0.0
191.0,-187.8216094970703,261.0,0.0,1.0,1.0,0.0
192.0,-52.461978912353516,218.0,1.0,0.0,0.0,0.0
193.0,-535.3052368164062,236.0,0.0,3.0,3.0,0.0
194.0,-55.72768020629883,258.0,1.0,0.0,0.0,0.0
195.0,-310.8249206542969,231.0,0.0,2.0,2.0,0.0
196.0,-57.106868743896484,223.0,1.0,0.0,0.0,0.0
197.0,-338.7958679199219,250.0,0.0,2.0,2.0,0.0
198.0,-43.464988708496094,356.0,1.0,0.0,0.0,0.0
199.0,-52.14434814453125,246.0,1.0,0.0,0.0,0.0
200.0,-80.57949829101562,228.0,1.0,0.0,0.0,0.0
201.0,-258.095458984375,213.0,0.0,1.0,1.0,0.0
202.0,-38.57931137084961,293.0,1.0,0.0,0.0,0.0
203.0,-41.04212188720703,251.0,1.0,0.0,0.0,0.0
204.0,-40.72752380371094,239.0,1.0,0.0,0.0,0.0
205.0,-272.9335021972656,263.0,0.0,1.0,1.0,0.0
206.0,-58.479522705078125,192.0,1.0,0.0,0.0,0.0
207.0,-411.31781005859375,294.0,0.0,2.0,2.0,0.0
208.0,-210.64828491210938,204.0,0.0,1.0,1.0,0.0
209.0,-710.7431030273438,207.0,0.0,4.0,4.0,0.0
210.0,-66.95851135253906,213.0,1.0,0.0,0.0,0.0
211.0,-46.11137390136719,267.0,1.0,0.0,0.0,0.0
212.0,-89.19995880126953,224.0,1.0,0.0,0.0,0.0
213.0,-437.8759460449219,253.0,0.0,2.0,2.0,0.0
214.0,-56.709014892578125,241.0,1.0,0.0,0.0,0.0
215.0,-68.33053588867188,242.0,1.0,0.0,0.0,0.0
216.0,-378.767822265625,249.0,0.0,2.0,2.0,0.0
217.0,-51.64811706542969,197.0,1.0,0.0,0.0,0.0
218.0,-82.19743347167969,219.0,1.0,0.0,0.0,0.0
219.0,-330.5645751953125,225.0,0.0,2.0,2.0,0.0
220.0,-52.02367401123047,308.0,1.0,0.0,0.0,0.0
221.0,-240.31076049804688,213.0,0.0,1.0,1.0,0.0
222.0,-622.5501708984375,241.0,0.0,3.0,3.0,0.0
223.0,-421.7566833496094,247.0,0.0,2.0,2.0,0.0
224.0,-49.78841781616211,229.0,1.0,0.0,0.0,0.0
225.0,-48.46583557128906,289.0,1.0,0.0,0.0,0.0
226.0,-183.87503051757812,310.0,0.0,1.0,1.0,0.0
227.0,-235.62942504882812,199.0,0.0,1.0,1.0,0.0
228.0,-195.4630584716797,225.0,0.0,1.0,1.0,0.0
229.0,-50.66490936279297,201.0,1.0,0.0,0.0,0.0
230.0,-39.470279693603516,261.0,1.0,0.0,0.0,0.0
231.0,-133.4355926513672,266.0,1.0,0.0,0.0,0.0
232.0,-57.843055725097656,377.0,1.0,0.0,0.0,0.0
233.0,-63.84109115600586,228.0,1.0,0.0,0.0,0.0
234.0,-42.80344772338867,320.0,1.0,0.0,0.0,0.0
235.0,-33.94053268432617,237.0,1.0,0.0,0.0,0.0
236.0,-78.85165405273438,209.0,1.0,0.0,0.0,0.0
237.0,-149.90985107421875,263.0,0.0,1.0,1.0,0.0
238.0,-170.72732543945312,176.0,0.0,1.0,1.0,0.0
239.0,-37.16978454589844,296.0,1.0,0.0,0.0,0.0
240.0,-38.15364074707031,341.0,1.0,0.0,0.0,0.0
241.0,-40.36723709106445,361.0,1.0,0.0,0.0,0.0
242.0,-57.14185333251953,211.0,1.0,0.0,0.0,0.0
243.0,-394.5997619628906,223.0,0.0,2.0,2.0,0.0
244.0,-541.611083984375,205.0,0.0,3.0,3.0,0.0
245.0,-45.882850646972656,192.0,1.0,0.0,0.0,0.0
246.0,-413.2165832519531,233.0,0.0,2.0,2.0,0.0
247.0,-54.556419372558594,204.0,1.0,0.0,0.0,0.0
248.0,-74.94145202636719,253.0,1.0,0.0,0.0,0.0
249.0,-33.38325500488281,223.0,1.0,0.0,0.0,0.0
250.0,-56.727386474609375,220.0,1.0,0.0,0.0,0.0
251.0,-579.791259765625,216.0,0.0,3.0,3.0,0.0
252.0,-40.24610900878906,217.0,1.0,0.0,0.0,0.0
253.0,-40.99946975708008,200.0,1.0,0.0,0.0,0.0
254.0,-36.56892395019531,252.0,1.0,0.0,0.0,0.0
255.0,-63.39879608154297,180.0,1.0,0.0,0.0,0.0
256.0,-31.6104679107666,275.0,1.0,0.0,0.0,0.0
257.0,-554.6529541015625,232.0,0.0,2.0,2.0,0.0
258.0,-36.96995162963867,261.0,1.0,0.0,0.0,0.0
259.0,-35.55978012084961,225.0,1.0,0.0,0.0,0.0
260.0,-355.48663330078125,222.0,0.0,2.0,2.0,0.0
261.0,-72.88384246826172,243.0,1.0,0.0,0.0,0.0
262.0,-34.29460525512695,295.0,1.0,0.0,0.0,0.0
263.0,-37.83289337158203,264.0,1.0,0.0,0.0,0.0
264.0,-43.9926872253418,491.0,1.0,0.0,0.0,0.0
265.0,-162.84654235839844,192.0,0.0,1.0,1.0,0.0
266.0,-61.959808349609375,269.0,1.0,0.0,0.0,0.0
267.0,-302.03448486328125,231.0,0.0,1.0,1.0,0.0
268.0,-44.76667022705078,228.0,1.0,0.0,0.0,0.0
269.0,-46.92662811279297,366.0,1.0,0.0,0.0,0.0
270.0,-50.70652770996094,234.0,1.0,0.0,0.0,0.0
271.0,-66.29730224609375,276.0,1.0,0.0,0.0,0.0
272.0,-30.30660629272461,350.0,1.0,0.0,0.0,0.0
273.0,-29.816356658935547,331.0,1.0,0.0,0.0,0.0
274.0,-36.9758186340332,207.0,1.0,0.0,0.0,0.0
275.0,-39.09534454345703,243.0,1.0,0.0,0.0,0.0
276.0,-585.5720825195312,226.0,0.0,3.0,3.0,0.0
277.0,-33.05780792236328,328.0,1.0,0.0,0.0,0.0
278.0,-35.84669494628906,294.0,1.0,0.0,0.0,0.0
279.0,-30.330032348632812,255.0,1.0,0.0,0.0,0.0
280.0,-277.9975280761719,208.0,0.0,1.0,1.0,0.0
281.0,-63.876914978027344,251.0,1.0,0.0,0.0,0.0
282.0,-133.40928649902344,191.0,0.0,1.0,1.0,0.0
283.0,-35.36707305908203,262.0,1.0,0.0,0.0,0.0
284.0,-51.31092071533203,228.0,1.0,0.0,0.0,0.0
285.0,-33.91853332519531,242.0,1.0,0.0,0.0,0.0
286.0,-30.863033294677734,249.0,1.0,0.0,0.0,0.0
287.0,-32.83649826049805,199.0,1.0,0.0,0.0,0.0
288.0,-39.254337310791016,345.0,1.0,0.0,0.0,0.0
289.0,-66.49583435058594,257.0,1.0,0.0,0.0,0.0
290.0,-45.493587493896484,187.0,1.0,0.0,0.0,0.0
291.0,-676.006103515625,202.0,0.0,4.0,4.0,0.0
292.0,-42.802337646484375,269.0,1.0,0.0,0.0,0.0
293.0,-82.35636901855469,265.0,1.0,0.0,0.0,0.0
294.0,-40.202552795410156,326.0,1.0,0.0,0.0,0.0
295.0,-43.30961990356445,241.0,1.0,0.0,0.0,0.0
296.0,-49.98758316040039,178.0,1.0,0.0,0.0,0.0
297.0,-135.25076293945312,235.0,0.0,1.0,1.0,0.0
298.0,-55.12179183959961,208.0,1.0,0.0,0.0,0.0
299.0,-51.21955871582031,200.0,1.0,0.0,0.0,0.0
300.0,-153.58285522460938,213.0,0.0,1.0,1.0,0.0
301.0,-42.6383056640625,380.0,1.0,0.0,0.0,0.0
302.0,-41.31673049926758,304.0,1.0,0.0,0.0,0.0
303.0,-146.8531036376953,170.0,0.0,1.0,1.0,0.0
304.0,-62.66651916503906,250.0,1.0,0.0,0.0,0.0
305.0,-60.36304473876953,221.0,1.0,0.0,0.0,0.0
306.0,-128.9573211669922,214.0,0.0,1.0,1.0,0.0
307.0,-23.835838317871094,318.0,1.0,0.0,0.0,0.0
308.0,-54.675193786621094,184.0,1.0,0.0,0.0,0.0
309.0,-49.58830642700195,207.0,1.0,0.0,0.0,0.0
310.0,-41.29111099243164,245.0,1.0,0.0,0.0,0.0
311.0,-35.04915237426758,303.0,1.0,0.0,0.0,0.0
312.0,-37.77782440185547,265.0,1.0,0.0,0.0,0.0
313.0,-32.88495635986328,338.0,1.0,0.0,0.0,0.0
314.0,-132.4765625,224.0,0.0,1.0,1.0,0.0
315.0,-350.78424072265625,183.0,0.0,2.0,2.0,0.0
316.0,-50.41435241699219,203.0,1.0,0.0,0.0,0.0
317.0,-161.69204711914062,280.0,0.0,1.0,1.0,0.0
318.0,-34.112239837646484,194.0,1.0,0.0,0.0,0.0
319.0,-53.17081069946289,185.0,1.0,0.0,0.0,0.0
320.0,-52.788307189941406,235.0,1.0,0.0,0.0,0.0
321.0,-53.041419982910156,210.0,1.0,0.0,0.0,0.0
322.0,-241.62063598632812,310.0,0.0,2.0,2.0,0.0
323.0,-161.0986328125,186.0,0.0,1.0,1.0,0.0
324.0,-66.83690643310547,201.0,1.0,0.0,0.0,0.0
325.0,-45.86579513549805,255.0,1.0,0.0,0.0,0.0
326.0,-249.76104736328125,195.0,0.0,1.0,1.0,0.0
327.0,-65.62600708007812,208.0,1.0,0.0,0.0,0.0
328.0,-46.56120300292969,223.0,1.0,0.0,0.0,0.0
329.0,-35.72103500366211,221.0,1.0,0.0,0.0,0.0
330.0,-40.28925323486328,223.0,1.0,0.0,0.0,0.0
331.0,-159.797119140625,221.0,0.0,1.0,1.0,0.0
332.0,-32.284767150878906,253.0,1.0,0.0,0.0,0.0
333.0,-66.3791732788086,282.0,1.0,0.0,0.0,0.0
334.0,-76.29672241210938,198.0,1.0,0.0,0.0,0.0
335.0,-1177.380615234375,285.0,0.0,3.0,3.0,0.0
336.0,-171.74998474121094,243.0,0.0,1.0,1.0,0.0
337.0,-24.114055633544922,325.0,1.0,0.0,0.0,0.0
338.0,-63.07343292236328,212.0,1.0,0.0,0.0,0.0
339.0,-23.286998748779297,204.0,1.0,0.0,0.0,0.0
340.0,-63.225128173828125,162.0,1.0,0.0,0.0,0.0
341.0,-52.15040588378906,198.0,1.0,0.0,0.0,0.0
342.0,-36.4533805847168,195.0,1.0,0.0,0.0,0.0
343.0,-151.202392578125,161.0,0.0,1.0,1.0,0.0
344.0,-46.34278106689453,198.0,1.0,0.0,0.0,0.0
345.0,-54.07971954345703,233.0,1.0,0.0,0.0,0.0
346.0,-34.39136505126953,174.0,1.0,0.0,0.0,0.0
347.0,-42.84197998046875,347.0,1.0,0.0,0.0,0.0
348.0,-472.221923828125,236.0,0.0,1.0,1.0,0.0
349.0,-24.304092407226562,253.0,1.0,0.0,0.0,0.0
350.0,-45.033485412597656,218.0,1.0,0.0,0.0,0.0
351.0,-47.398963928222656,197.0,1.0,0.0,0.0,0.0
352.0,-130.23291015625,374.0,0.0,1.0,1.0,0.0
353.0,-35.86363220214844,223.0,1.0,0.0,0.0,0.0
354.0,-37.8448600769043,233.0,1.0,0.0,0.0,0.0
355.0,-58.32652282714844,215.0,1.0,0.0,0.0,0.0
356.0,-32.29932403564453,229.0,1.0,0.0,0.0,0.0
357.0,-592.9434204101562,251.0,0.0,2.0,2.0,0.0
358.0,-41.901973724365234,217.0,1.0,0.0,0.0,0.0
359.0,-56.41459274291992,242.0,1.0,0.0,0.0,0.0
360.0,-33.11176681518555,209.0,1.0,0.0,0.0,0.0
361.0,-45.52107620239258,222.0,1.0,0.0,0.0,0.0
362.0,-523.3727416992188,243.0,0.0,1.0,1.0,0.0
363.0,-55.32115936279297,222.0,1.0,0.0,0.0,0.0
364.0,-52.69586181640625,191.0,1.0,0.0,0.0,0.0
365.0,-22.947498321533203,259.0,1.0,0.0,0.0,0.0
366.0,-64.23185729980469,207.0,1.0,0.0,0.0,0.0
367.0,-418.1996154785156,225.0,0.0,2.0,2.0,0.0
368.0,-87.55767822265625,262.0,1.0,0.0,0.0,0.0
369.0,-117.11910247802734,217.0,1.0,0.0,0.0,0.0
370.0,-436.8141174316406,260.0,0.0,2.0,2.0,0.0
371.0,-38.417694091796875,250.0,1.0,0.0,0.0,0.0
372.0,-64.67649841308594,202.0,1.0,0.0,0.0,0.0
373.0,-37.06999206542969,329.0,1.0,0.0,0.0,0.0
374.0,-20.905805587768555,271.0,1.0,0.0,0.0,0.0
375.0,-32.16371536254883,212.0,1.0,0.0,0.0,0.0
376.0,-33.00873947143555,262.0,1.0,0.0,0.0,0.0
377.0,-78.55731201171875,302.0,1.0,0.0,0.0,0.0
378.0,-55.88121032714844,298.0,1.0,0.0,0.0,0.0
379.0,-63.07817840576172,186.0,1.0,0.0,0.0,0.0
380.0,-129.763427734375,248.0,0.0,1.0,1.0,0.0
381.0,-45.977447509765625,175.0,1.0,0.0,0.0,0.0
382.0,-26.893829345703125,215.0,1.0,0.0,0.0,0.0
383.0,-155.97816467285156,220.0,0.0,1.0,1.0,0.0
384.0,-20.87659454345703,280.0,1.0,0.0,0.0,0.0
385.0,-33.69613265991211,343.0,1.0,0.0,0.0,0.0
386.0,-114.56352996826172,267.0,1.0,0.0,0.0,0.0
387.0,-44.42711639404297,249.0,1.0,0.0,0.0,0.0
388.0,-58.437469482421875,217.0,1.0,0.0,0.0,0.0
389.0,-27.53389549255371,284.0,1.0,0.0,0.0,0.0
390.0,-52.66022872924805,248.0,1.0,0.0,0.0,0.0
391.0,-60.269264221191406,210.0,1.0,0.0,0.0,0.0
392.0,-68.88075256347656,208.0,1.0,0.0,0.0,0.0
393.0,-51.269126892089844,255.0,1.0,0.0,0.0,0.0
394.0,-59.197532653808594,221.0,1.0,0.0,0.0,0.0
395.0,-67.41319274902344,203.0,1.0,0.0,0.0,0.0
396.0,-18.916709899902344,263.0,1.0,0.0,0.0,0.0
397.0,-62.875240325927734,251.0,1.0,0.0,0.0,0.0
398.0,-708.0927734375,254.0,0.0,2.0,2.0,0.0
399.0,-30.85017204284668,262.0,1.0,0.0,0.0,0.0
400.0,-39.38456344604492,278.0,1.0,0.0,0.0,0.0
401.0,-50.26585006713867,200.0,1.0,0.0,0.0,0.0
402.0,-20.475746154785156,218.0,1.0,0.0,0.0,0.0
403.0,-36.305206298828125,209.0,1.0,0.0,0.0,0.0
404.0,-32.75349807739258,216.0,1.0,0.0,0.0,0.0
405.0,-35.66432189941406,254.0,1.0,0.0,0.0,0.0
406.0,-160.05227661132812,211.0,0.0,1.0,1.0,0.0
407.0,-126.70977783203125,233.0,0.0,1.0,1.0,0.0
408.0,-70.64952087402344,205.0,1.0,0.0,0.0,0.0
409.0,-195.5032501220703,206.0,0.0,1.0,1.0,0.0
410.0,-147.1456298828125,256.0,0.0,1.0,1.0,0.0
411.0,-30.92949676513672,195.0,1.0,0.0,0.0,0.0
412.0,-823.1478271484375,234.0,0.0,3.0,3.0,0.0
413.0,-60.52874755859375,176.0,1.0,0.0,0.0,0.0
414.0,-126.02615356445312,222.0,0.0,1.0,1.0,0.0
415.0,-206.3557586669922,180.0,0.0,1.0,1.0,0.0
416.0,-157.93893432617188,165.0,0.0,1.0,1.0,0.0
417.0,-29.031139373779297,240.0,1.0,0.0,0.0,0.0
418.0,-330.7505798339844,282.0,0.0,1.0,1.0,0.0
419.0,-31.647808074951172,244.0,1.0,0.0,0.0,0.0
420.0,-36.57123947143555,179.0,1.0,0.0,0.0,0.0
421.0,-33.8110466003418,207.0,1.0,0.0,0.0,0.0
422.0,-29.645259857177734,208.0,1.0,0.0,0.0,0.0
423.0,-40.495025634765625,194.0,1.0,0.0,0.0,0.0
424.0,-90.83417510986328,203.0,1.0,0.0,0.0,0.0
425.0,-89.71723175048828,197.0,1.0,0.0,0.0,0.0
426.0,-38.96924591064453,274.0,1.0,0.0,0.0,0.0
427.0,-149.08294677734375,211.0,0.0,1.0,1.0,0.0
428.0,-28.607501983642578,235.0,1.0,0.0,0.0,0.0
429.0,-30.859651565551758,212.0,1.0,0.0,0.0,0.0
430.0,-52.04761505126953,259.0,1.0,0.0,0.0,0.0
431.0,-38.7354736328125,223.0,1.0,0.0,0.0,0.0
432.0,-39.97684860229492,240.0,1.0,0.0,0.0,0.0
433.0,-25.49211311340332,237.0,1.0,0.0,0.0,0.0
434.0,-608.0642700195312,257.0,0.0,1.0,1.0,0.0
435.0,-26.81705665588379,244.0,1.0,0.0,0.0,0.0
436.0,-29.282447814941406,187.0,1.0,0.0,0.0,0.0
437.0,-608.7907104492188,268.0,0.0,3.0,3.0,0.0
438.0,-71.21187591552734,204.0,1.0,0.0,0.0,0.0
439.0,-32.506534576416016,305.0,1.0,0.0,0.0,0.0
440.0,-146.290771484375,193.0,0.0,1.0,1.0,0.0
441.0,-31.34341049194336,193.0,1.0,0.0,0.0,0.0
442.0,-22.146663665771484,239.0,1.0,0.0,0.0,0.0
443.0,-19.075531005859375,265.0,1.0,0.0,0.0,0.0
444.0,-43.465248107910156,174.0,1.0,0.0,0.0,0.0
445.0,-27.6505126953125,232.0,1.0,0.0,0.0,0.0
446.0,-120.0790786743164,206.0,0.0,1.0,1.0,0.0
447.0,-167.84620666503906,246.0,1.0,0.0,0.0,0.0
448.0,-33.73291015625,207.0,1.0,0.0,0.0,0.0
449.0,-17.144201278686523,411.0,1.0,0.0,0.0,0.0
450.0,-36.71443176269531,303.0,1.0,0.0,0.0,0.0
451.0,-39.251216888427734,269.0,1.0,0.0,0.0,0.0
452.0,-36.111968994140625,198.0,1.0,0.0,0.0,0.0
453.0,-128.082275390625,222.0,0.0,1.0,1.0,0.0
454.0,-442.5412902832031,253.0,0.0,1.0,1.0,0.0
455.0,-786.0811157226562,395.0,0.0,1.0,1.0,0.0
456.0,-7496.8642578125,761.0,0.0,2.0,2.0,0.0
457.0,-31.883752822875977,271.0,1.0,0.0,0.0,0.0
458.0,-158.57017517089844,274.0,0.0,1.0,1.0,0.0
459.0,-24.931110382080078,390.0,1.0,0.0,0.0,0.0
460.0,-22.244197845458984,250.0,1.0,0.0,0.0,0.0
461.0,-20.263845443725586,225.0,1.0,0.0,0.0,0.0
462.0,-33.006874084472656,180.0,1.0,0.0,0.0,0.0
463.0,-36.1353874206543,333.0,1.0,0.0,0.0,0.0
464.0,-514.3828125,253.0,0.0,2.0,2.0,0.0
465.0,-121.1993408203125,195.0,0.0,1.0,1.0,0.0
466.0,-18.068992614746094,224.0,1.0,0.0,0.0,0.0
467.0,-37.550392150878906,196.0,1.0,0.0,0.0,0.0
468.0,-32.3031005859375,245.0,1.0,0.0,0.0,0.0
469.0,-54.65763854980469,372.0,1.0,0.0,0.0,0.0
470.0,-145.97442626953125,172.0,0.0,1.0,1.0,0.0
471.0,-71.55146026611328,248.0,1.0,0.0,0.0,0.0
472.0,-20.25105857849121,212.0,1.0,0.0,0.0,0.0
473.0,-18.203283309936523,271.0,1.0,0.0,0.0,0.0
474.0,-23.49798583984375,235.0,1.0,0.0,0.0,0.0
475.0,-143.18460083007812,208.0,0.0,1.0,1.0,0.0
476.0,-32.844749450683594,192.0,1.0,0.0,0.0,0.0
477.0,-236.0430450439453,230.0,0.0,2.0,2.0,0.0
478.0,-27.99172592163086,200.0,1.0,0.0,0.0,0.0
479.0,-1029.0936279296875,267.0,0.0,3.0,3.0,0.0
480.0,-16.704681396484375,234.0,1.0,0.0,0.0,0.0
481.0,-21.367706298828125,256.0,1.0,0.0,0.0,0.0
482.0,-660.4415283203125,253.0,0.0,3.0,3.0,0.0
483.0,-20.806835174560547,238.0,1.0,0.0,0.0,0.0
484.0,-122.92487335205078,312.0,0.0,1.0,1.0,0.0
485.0,-21.454431533813477,251.0,1.0,0.0,0.0,0.0
486.0,-13.324911117553711,260.0,1.0,0.0,0.0,0.0
487.0,-19.119903564453125,198.0,1.0,0.0,0.0,0.0
488.0,-36.63731384277344,208.0,1.0,0.0,0.0,0.0
489.0,-19.385658264160156,306.0,1.0,0.0,0.0,0.0
490.0,-16.111591339111328,299.0,1.0,0.0,0.0,0.0
491.0,-37.447486877441406,227.0,1.0,0.0,0.0,0.0
492.0,-15.600889205932617,226.0,1.0,0.0,0.0,0.0
493.0,-77.78868103027344,196.0,1.0,0.0,0.0,0.0
494.0,-20.924358367919922,265.0,1.0,0.0,0.0,0.0
495.0,-46.16106033325195,197.0,1.0,0.0,0.0,0.0
496.0,-28.22003936767578,215.0,1.0,0.0,0.0,0.0
497.0,-20.166120529174805,302.0,1.0,0.0,0.0,0.0
498.0,-133.74842834472656,187.0,0.0,1.0,1.0,0.0
499.0,-14.110305786132812,252.0,1.0,0.0,0.0,0.0
500.0,-30.37278938293457,300.0,1.0,0.0,0.0,0.0
501.0,-26.560670852661133,170.0,1.0,0.0,0.0,0.0
502.0,-15.153290748596191,264.0,1.0,0.0,0.0,0.0
503.0,-53.384151458740234,171.0,1.0,0.0,0.0,0.0
504.0,-32.58112716674805,204.0,1.0,0.0,0.0,0.0
505.0,-59.232872009277344,191.0,1.0,0.0,0.0,0.0
506.0,-30.74695587158203,246.0,1.0,0.0,0.0,0.0
507.0,-60.62981033325195,245.0,1.0,0.0,0.0,0.0
508.0,-37.03648376464844,241.0,1.0,0.0,0.0,0.0
509.0,-29.968095779418945,213.0,1.0,0.0,0.0,0.0
510.0,-1301.6181640625,311.0,0.0,2.0,2.0,0.0
511.0,-21.20568084716797,214.0,1.0,0.0,0.0,0.0
512.0,-21.512252807617188,274.0,1.0,0.0,0.0,0.0
513.0,-23.320722579956055,260.0,1.0,0.0,0.0,0.0
514.0,-19.322322845458984,286.0,1.0,0.0,0.0,0.0
515.0,-13.770129203796387,220.0,1.0,0.0,0.0,0.0
516.0,-21.681306838989258,217.0,1.0,0.0,0.0,0.0
517.0,-144.28663635253906,180.0,0.0,1.0,1.0,0.0
518.0,-34.5576171875,227.0,1.0,0.0,0.0,0.0
519.0,-53.002235412597656,202.0,1.0,0.0,0.0,0.0
520.0,-21.551067352294922,192.0,1.0,0.0,0.0,0.0
521.0,-48.66169738769531,230.0,1.0,0.0,0.0,0.0
522.0,-26.4903621673584,217.0,1.0,0.0,0.0,0.0
523.0,-44.98676681518555,175.0,1.0,0.0,0.0,0.0
524.0,-11.940250396728516,279.0,1.0,0.0,0.0,0.0
525.0,-392.32122802734375,253.0,0.0,1.0,1.0,0.0
526.0,-32.77897262573242,234.0,1.0,0.0,0.0,0.0
527.0,-58.161338806152344,226.0,1.0,0.0,0.0,0.0
528.0,-40.14203643798828,302.0,1.0,0.0,0.0,0.0
529.0,-15.498586654663086,303.0,1.0,0.0,0.0,0.0
530.0,-33.48737335205078,206.0,1.0,0.0,0.0,0.0
531.0,-26.16020965576172,159.0,1.0,0.0,0.0,0.0
532.0,-42.606693267822266,218.0,1.0,0.0,0.0,0.0
533.0,-31.669601440429688,201.0,1.0,0.0,0.0,0.0
534.0,-20.30597686767578,191.0,1.0,0.0,0.0,0.0
535.0,-50.14619827270508,197.0,1.0,0.0,0.0,0.0
536.0,-127.1324462890625,209.0,0.0,1.0,1.0,0.0
537.0,-919.8055419921875,292.0,0.0,3.0,3.0,0.0
538.0,-20.28426742553711,198.0,1.0,0.0,0.0,0.0
539.0,-1120.7967529296875,261.0,0.0,3.0,3.0,0.0
540.0,-467.82342529296875,248.0,0.0,1.0,1.0,0.0
541.0,-124.26463317871094,220.0,0.0,1.0,1.0,0.0
542.0,-18.425539016723633,289.0,1.0,0.0,0.0,0.0
543.0,-136.37278747558594,214.0,0.0,1.0,1.0,0.0
544.0,-15.48196792602539,187.0,1.0,0.0,0.0,0.0
545.0,-22.735342025756836,296.0,1.0,0.0,0.0,0.0
546.0,-30.92998504638672,213.0,1.0,0.0,0.0,0.0
547.0,-17.2864933013916,178.0,1.0,0.0,0.0,0.0
548.0,-12.57509994506836,246.0,1.0,0.0,0.0,0.0
549.0,-31.328041076660156,283.0,1.0,0.0,0.0,0.0
550.0,-26.981311798095703,244.0,1.0,0.0,0.0,0.0
551.0,-19.827167510986328,233.0,1.0,0.0,0.0,0.0
552.0,-29.0871524810791,175.0,1.0,0.0,0.0,0.0
553.0,-12.60585880279541,314.0,1.0,0.0,0.0,0.0
554.0,-16.722732543945312,366.0,1.0,0.0,0.0,0.0
555.0,-31.481781005859375,268.0,1.0,0.0,0.0,0.0
556.0,-21.155303955078125,284.0,1.0,0.0,0.0,0.0
557.0,-20.989124298095703,223.0,1.0,0.0,0.0,0.0
558.0,-130.55552673339844,259.0,0.0,1.0,1.0,0.0
559.0,-48.81378173828125,189.0,1.0,0.0,0.0,0.0
560.0,-32.66980743408203,222.0,1.0,0.0,0.0,0.0
561.0,-23.245649337768555,205.0,1.0,0.0,0.0,0.0
562.0,-12.732612609863281,262.0,1.0,0.0,0.0,0.0
563.0,-18.56867027282715,203.0,1.0,0.0,0.0,0.0
564.0,-24.359359741210938,199.0,1.0,0.0,0.0,0.0
565.0,-20.138826370239258,194.0,1.0,0.0,0.0,0.0
566.0,-28.63760757446289,193.0,1.0,0.0,0.0,0.0
567.0,-116.34044647216797,208.0,0.0,1.0,1.0,0.0
568.0,-26.487510681152344,228.0,1.0,0.0,0.0,0.0
569.0,-15.719891548156738,227.0,1.0,0.0,0.0,0.0
570.0,-12.307379722595215,241.0,1.0,0.0,0.0,0.0
571.0,-872.3990478515625,248.0,0.0,2.0,2.0,0.0
572.0,-24.061717987060547,183.0,1.0,0.0,0.0,0.0
573.0,-30.67272186279297,182.0,1.0,0.0,0.0,0.0
574.0,-18.179946899414062,219.0,1.0,0.0,0.0,0.0
575.0,-137.0297393798828,192.0,0.0,1.0,1.0,0.0
576.0,-914.7778930664062,358.0,0.0,2.0,2.0,0.0
577.0,-37.756168365478516,218.0,1.0,0.0,0.0,0.0
578.0,-34.645591735839844,308.0,1.0,0.0,0.0,0.0
579.0,-118.74376678466797,214.0,0.0,1.0,1.0,0.0
580.0,-11.583423614501953,293.0,1.0,0.0,0.0,0.0
581.0,-20.00836181640625,176.0,1.0,0.0,0.0,0.0
582.0,-32.403114318847656,285.0,1.0,0.0,0.0,0.0
583.0,-14.0222806930542,209.0,1.0,0.0,0.0,0.0
584.0,-22.841693878173828,176.0,1.0,0.0,0.0,0.0
585.0,-27.642234802246094,196.0,1.0,0.0,0.0,0.0
586.0,-24.35132598876953,199.0,1.0,0.0,0.0,0.0
587.0,-11.515146255493164,224.0,1.0,0.0,0.0,0.0
588.0,-11.232293128967285,268.0,1.0,0.0,0.0,0.0
589.0,-21.237117767333984,198.0,1.0,0.0,0.0,0.0
590.0,-15.72230339050293,188.0,1.0,0.0,0.0,0.0
591.0,-33.98873519897461,240.0,1.0,0.0,0.0,0.0
592.0,-621.37060546875,268.0,0.0,2.0,2.0,0.0
593.0,-15.433281898498535,285.0,1.0,0.0,0.0,0.0
594.0,-24.558082580566406,184.0,1.0,0.0,0.0,0.0
595.0,-11.818419456481934,192.0,1.0,0.0,0.0,0.0
596.0,-33.57765197753906,209.0,1.0,0.0,0.0,0.0
597.0,-796.3453369140625,276.0,0.0,2.0,2.0,0.0
598.0,-13.502229690551758,229.0,1.0,0.0,0.0,0.0
599.0,-33.88434600830078,202.0,1.0,0.0,0.0,0.0
600.0,-139.79180908203125,215.0,0.0,1.0,1.0,0.0
601.0,-23.207881927490234,281.0,1.0,0.0,0.0,0.0
602.0,-42.34412384033203,247.0,1.0,0.0,0.0,0.0
603.0,-1267.40087890625,291.0,0.0,3.0,3.0,0.0
604.0,-26.161537170410156,228.0,1.0,0.0,0.0,0.0
605.0,-48.650367736816406,252.0,1.0,0.0,0.0,0.0
606.0,-48.97446823120117,171.0,1.0,0.0,0.0,0.0
607.0,-28.32807731628418,202.0,1.0,0.0,0.0,0.0
608.0,-127.02009582519531,224.0,0.0,1.0,1.0,0.0
609.0,-59.48778533935547,182.0,1.0,0.0,0.0,0.0
610.0,-115.75804901123047,173.0,0.0,1.0,1.0,0.0
611.0,-11.122940063476562,209.0,1.0,0.0,0.0,0.0
612.0,-12.820552825927734,269.0,1.0,0.0,0.0,0.0
613.0,-125.47887420654297,281.0,0.0,1.0,1.0,0.0
614.0,-29.081600189208984,213.0,1.0,0.0,0.0,0.0
615.0,-18.851303100585938,240.0,1.0,0.0,0.0,0.0
616.0,-1499.185791015625,312.0,0.0,3.0,3.0,0.0
617.0,-9.838797569274902,226.0,1.0,0.0,0.0,0.0
618.0,-13.655433654785156,285.0,1.0,0.0,0.0,0.0
619.0,-8.859868049621582,202.0,1.0,0.0,0.0,0.0
620.0,-23.369735717773438,210.0,1.0,0.0,0.0,0.0
621.0,-19.431137084960938,271.0,1.0,0.0,0.0,0.0
622.0,-991.4449462890625,282.0,0.0,2.0,2.0,0.0
623.0,-125.57749938964844,144.0,0.0,1.0,1.0,0.0
624.0,-8.896356582641602,278.0,1.0,0.0,0.0,0.0
625.0,-42.09845733642578,202.0,1.0,0.0,0.0,0.0
626.0,-15.244638442993164,290.0,1.0,0.0,0.0,0.0
627.0,-12.551308631896973,213.0,1.0,0.0,0.0,0.0
628.0,-20.13060760498047,252.0,1.0,0.0,0.0,0.0
629.0,-32.88755416870117,236.0,1.0,0.0,0.0,0.0
630.0,-1630.9990234375,307.0,0.0,3.0,3.0,0.0
631.0,-8.876551628112793,239.0,1.0,0.0,0.0,0.0
632.0,-22.276121139526367,205.0,1.0,0.0,0.0,0.0
633.0,-10.672393798828125,326.0,1.0,0.0,0.0,0.0
634.0,-30.03923797607422,199.0,1.0,0.0,0.0,0.0
635.0,-134.82464599609375,210.0,0.0,1.0,1.0,0.0
636.0,-16.621936798095703,290.0,1.0,0.0,0.0,0.0
637.0,-12.424378395080566,334.0,1.0,0.0,0.0,0.0
638.0,-41.20013427734375,284.0,1.0,0.0,0.0,0.0
639.0,-24.036556243896484,254.0,1.0,0.0,0.0,0.0
640.0,-11.917640686035156,313.0,1.0,0.0,0.0,0.0
641.0,-19.340110778808594,191.0,1.0,0.0,0.0,0.0
642.0,-25.04155731201172,328.0,1.0,0.0,0.0,0.0
643.0,-8.030656814575195,274.0,1.0,0.0,0.0,0.0
644.0,-7.966797351837158,271.0,1.0,0.0,0.0,0.0
645.0,-32.914249420166016,189.0,1.0,0.0,0.0,0.0
646.0,-26.740657806396484,191.0,1.0,0.0,0.0,0.0
647.0,-21.942626953125,259.0,1.0,0.0,0.0,0.0
648.0,-20.442895889282227,241.0,1.0,0.0,0.0,0.0
649.0,-15.559473037719727,369.0,1.0,0.0,0.0,0.0
650.0,-12.790854454040527,249.0,1.0,0.0,0.0,0.0
651.0,-1308.278076171875,353.0,0.0,2.0,2.0,0.0
652.0,-131.24099731445312,186.0,0.0,1.0,1.0,0.0
653.0,-35.18166732788086,192.0,1.0,0.0,0.0,0.0
654.0,-8.955453872680664,360.0,1.0,0.0,0.0,0.0
655.0,-18.391664505004883,219.0,1.0,0.0,0.0,0.0
656.0,-13.941680908203125,191.0,1.0,0.0,0.0,0.0
657.0,-1278.9930419921875,324.0,0.0,2.0,2.0,0.0
658.0,-21.630054473876953,237.0,1.0,0.0,0.0,0.0
659.0,-19.684513092041016,194.0,1.0,0.0,0.0,0.0
660.0,-9.231826782226562,263.0,1.0,0.0,0.0,0.0
661.0,-16.089435577392578,208.0,1.0,0.0,0.0,0.0
662.0,-6.478893280029297,356.0,1.0,0.0,0.0,0.0
663.0,-8.796778678894043,267.0,1.0,0.0,0.0,0.0
664.0,-15.948713302612305,186.0,1.0,0.0,0.0,0.0
665.0,-12.002192497253418,197.0,1.0,0.0,0.0,0.0
666.0,-118.9302978515625,180.0,0.0,1.0,1.0,0.0
667.0,-19.146835327148438,183.0,1.0,0.0,0.0,0.0
668.0,-16.311447143554688,212.0,1.0,0.0,0.0,0.0
669.0,-15.870121002197266,199.0,1.0,0.0,0.0,0.0
670.0,-37.396671295166016,220.0,1.0,0.0,0.0,0.0
671.0,-30.060258865356445,176.0,1.0,0.0,0.0,0.0
672.0,-20.78260040283203,169.0,1.0,0.0,0.0,0.0
673.0,-29.574073791503906,230.0,1.0,0.0,0.0,0.0
674.0,-23.690305709838867,183.0,1.0,0.0,0.0,0.0
675.0,-6.340634822845459,258.0,1.0,0.0,0.0,0.0
676.0,-5.856436729431152,284.0,1.0,0.0,0.0,0.0
677.0,-8.720987319946289,244.0,1.0,0.0,0.0,0.0
678.0,-21.933124542236328,347.0,1.0,0.0,0.0,0.0
679.0,-2497.824462890625,377.0,0.0,3.0,3.0,0.0
680.0,-10.47504997253418,229.0,1.0,0.0,0.0,0.0
681.0,-46.49935531616211,184.0,1.0,0.0,0.0,0.0
682.0,-25.92612648010254,184.0,1.0,0.0,0.0,0.0
683.0,-14.420785903930664,188.0,1.0,0.0,0.0,0.0
684.0,-108.54119873046875,206.0,0.0,1.0,1.0,0.0
685.0,-16.94240379333496,277.0,1.0,0.0,0.0,0.0
686.0,-26.48195457458496,177.0,1.0,0.0,0.0,0.0
687.0,-13.341608047485352,236.0,1.0,0.0,0.0,0.0
688.0,-9.201627731323242,337.0,1.0,0.0,0.0,0.0
689.0,-15.597701072692871,260.0,1.0,0.0,0.0,0.0
690.0,-6.605747699737549,233.0,1.0,0.0,0.0,0.0
691.0,-36.83683395385742,222.0,1.0,0.0,0.0,0.0
692.0,-2386.26708984375,385.0,0.0,4.0,4.0,0.0
693.0,-2197.52978515625,468.0,0.0,3.0,3.0,0.0
694.0,-17.8643741607666,252.0,1.0,0.0,0.0,0.0
695.0,-20.6583309173584,205.0,1.0,0.0,0.0,0.0
696.0,-5.512027740478516,300.0,1.0,0.0,0.0,0.0
697.0,-2109.89697265625,424.0,0.0,3.0,3.0,0.0
698.0,-11.281646728515625,300.0,1.0,0.0,0.0,0.0
699.0,-115.4729232788086,195.0,0.0,1.0,1.0,0.0
700.0,-17.932083129882812,292.0,1.0,0.0,0.0,0.0
701.0,-21.934463500976562,411.0,1.0,0.0,0.0,0.0
702.0,-5.210239410400391,266.0,1.0,0.0,0.0,0.0
703.0,-14.30598258972168,276.0,1.0,0.0,0.0,0.0
704.0,-12.3128080368042,268.0,1.0,0.0,0.0,0.0
705.0,-12.490488052368164,213.0,1.0,0.0,0.0,0.0
706.0,-19.04068374633789,283.0,1.0,0.0,0.0,0.0
707.0,-15.04876708984375,307.0,1.0,0.0,0.0,0.0
708.0,-12.407125473022461,242.0,1.0,0.0,0.0,0.0
709.0,-19.02568817138672,232.0,1.0,0.0,0.0,0.0
710.0,-128.1280517578125,162.0,0.0,1.0,1.0,0.0
711.0,-12.974620819091797,219.0,1.0,0.0,0.0,0.0
712.0,-112.24871063232422,190.0,0.0,1.0,1.0,0.0
713.0,-8.8916015625,235.0,1.0,0.0,0.0,0.0
714.0,-10.262175559997559,270.0,1.0,0.0,0.0,0.0
715.0,-13.746870040893555,206.0,1.0,0.0,0.0,0.0
716.0,-2014.209716796875,403.0,0.0,3.0,3.0,0.0
717.0,-15.43189811706543,377.0,1.0,0.0,0.0,0.0
718.0,-8.57778263092041,183.0,1.0,0.0,0.0,0.0
719.0,-104.63308715820312,282.0,0.0,1.0,1.0,0.0
720.0,-13.846558570861816,194.0,1.0,0.0,0.0,0.0
721.0,-15.88693618774414,266.0,1.0,0.0,0.0,0.0
722.0,-24.471525192260742,201.0,1.0,0.0,0.0,0.0
723.0,-21.498878479003906,205.0,1.0,0.0,0.0,0.0
724.0,-4.344485282897949,238.0,1.0,0.0,0.0,0.0
725.0,-3.7927355766296387,211.0,1.0,0.0,0.0,0.0
726.0,-4.209752082824707,326.0,1.0,0.0,0.0,0.0
727.0,-8.476953506469727,220.0,1.0,0.0,0.0,0.0
728.0,-13.770209312438965,200.0,1.0,0.0,0.0,0.0
729.0,-4.124213218688965,285.0,1.0,0.0,0.0,0.0
730.0,-14.663016319274902,156.0,1.0,0.0,0.0,0.0
731.0,-116.7840576171875,183.0,0.0,1.0,1.0,0.0
732.0,-7.547093391418457,213.0,1.0,0.0,0.0,0.0
733.0,-6.225830078125,221.0,1.0,0.0,0.0,0.0
734.0,-11.837247848510742,262.0,1.0,0.0,0.0,0.0
735.0,-12.080302238464355,218.0,1.0,0.0,0.0,0.0
736.0,-37.09395217895508,220.0,1.0,0.0,0.0,0.0
737.0,-115.43962097167969,183.0,0.0,1.0,1.0,0.0
738.0,-24.47916603088379,205.0,1.0,0.0,0.0,0.0
739.0,-5.847897529602051,199.0,1.0,0.0,0.0,0.0
740.0,-450.894287109375,188.0,0.0,3.0,3.0,0.0
741.0,-12.19078540802002,348.0,1.0,0.0,0.0,0.0
742.0,-108.46314239501953,164.0,0.0,1.0,1.0,0.0
743.0,-5.901913166046143,220.0,1.0,0.0,0.0,0.0
744.0,-102.64257049560547,156.0,0.0,1.0,1.0,0.0
745.0,-102.39364624023438,161.0,0.0,1.0,1.0,0.0
746.0,-102.50161743164062,222.0,0.0,1.0,1.0,0.0
747.0,-102.51670837402344,256.0,0.0,1.0,1.0,0.0
748.0,-102.5207748413086,246.0,0.0,1.0,1.0,0.0
749.0,-202.2695770263672,144.0,0.0,2.0,2.0,0.0
750.0,-202.36376953125,201.0,0.0,2.0,2.0,0.0
751.0,-201.88192749023438,274.0,0.0,2.0,2.0,0.0
752.0,-301.5802001953125,181.0,0.0,3.0,3.0,0.0
753.0,-119.79933166503906,229.0,0.0,1.0,1.0,0.0
754.0,-22.664899826049805,221.0,1.0,0.0,0.0,0.0
755.0,-2.2240257263183594,260.0,1.0,0.0,0.0,0.0
756.0,-111.60977935791016,249.0,0.0,1.0,1.0,0.0
757.0,-2.971143960952759,201.0,1.0,0.0,0.0,0.0
758.0,-11.70207691192627,255.0,1.0,0.0,0.0,0.0
759.0,-2.7031044960021973,248.0,1.0,0.0,0.0,0.0
760.0,-119.81702423095703,159.0,0.0,1.0,1.0,0.0
761.0,-7.085078239440918,255.0,1.0,0.0,0.0,0.0
762.0,-15.726350784301758,256.0,1.0,0.0,0.0,0.0
763.0,-2.3578691482543945,249.0,1.0,0.0,0.0,0.0
764.0,-116.71490478515625,185.0,0.0,1.0,1.0,0.0
765.0,-104.07475280761719,265.0,0.0,1.0,1.0,0.0
766.0,-2.2980127334594727,219.0,1.0,0.0,0.0,0.0
767.0,-101.73423767089844,195.0,0.0,1.0,1.0,0.0
768.0,-2.154223918914795,218.0,1.0,0.0,0.0,0.0
769.0,-401.1109924316406,136.0,0.0,4.0,4.0,0.0
770.0,-101.65565490722656,219.0,0.0,1.0,1.0,0.0
771.0,-102.40441131591797,242.0,0.0,1.0,1.0,0.0
772.0,-101.58425903320312,210.0,0.0,1.0,1.0,0.0
773.0,-201.536376953125,217.0,0.0,2.0,2.0,0.0
774.0,-19.093961715698242,292.0,1.0,0.0,0.0,0.0
775.0,-8.016218185424805,326.0,1.0,0.0,0.0,0.0
776.0,-1.7693501710891724,314.0,1.0,0.0,0.0,0.0
777.0,-101.48553466796875,211.0,0.0,1.0,1.0,0.0
778.0,-301.3607177734375,169.0,0.0,3.0,3.0,0.0
779.0,-101.40904235839844,248.0,0.0,1.0,1.0,0.0
780.0,-101.25231170654297,247.0,0.0,1.0,1.0,0.0
781.0,-1.555369257926941,242.0,1.0,0.0,0.0,0.0
782.0,-1.5108486413955688,285.0,1.0,0.0,0.0,0.0
783.0,-1.4872214794158936,294.0,1.0,0.0,0.0,0.0
784.0,-200.96238708496094,189.0,0.0,2.0,2.0,0.0
785.0,-101.15279388427734,155.0,0.0,1.0,1.0,0.0
786.0,-200.85484313964844,232.0,0.0,2.0,2.0,0.0
787.0,-201.0072021484375,172.0,0.0,2.0,2.0,0.0
788.0,-200.97702026367188,241.0,0.0,2.0,2.0,0.0
789.0,-101.00827026367188,232.0,0.0,1.0,1.0,0.0
790.0,-100.99283599853516,213.0,0.0,1.0,1.0,0.0
791.0,-1.1993497610092163,212.0,1.0,0.0,0.0,0.0
792.0,-100.8384017944336,274.0,0.0,1.0,1.0,0.0
793.0,-200.7776641845703,203.0,0.0,2.0,2.0,0.0
794.0,-300.5334777832031,179.0,0.0,3.0,3.0,0.0
795.0,-200.70912170410156,227.0,0.0,2.0,2.0,0.0
796.0,-200.63497924804688,297.0,0.0,2.0,2.0,0.0
797.0,-200.53897094726562,147.0,0.0,2.0,2.0,0.0
798.0,-100.65721893310547,322.0,0.0,1.0,1.0,0.0
799.0,-100.56037902832031,228.0,0.0,1.0,1.0,0.0
800.0,-100.6541748046875,171.0,0.0,1.0,1.0,0.0
801.0,-200.52639770507812,200.0,0.0,2.0,2.0,0.0
802.0,-100.58875274658203,172.0,0.0,1.0,1.0,0.0
803.0,-100.58045196533203,165.0,0.0,1.0,1.0,0.0
804.0,-200.42782592773438,159.0,0.0,2.0,2.0,0.0
805.0,-200.44471740722656,219.0,0.0,2.0,2.0,0.0
806.0,-200.42791748046875,201.0,0.0,2.0,2.0,0.0
807.0,-100.366455078125,203.0,0.0,1.0,1.0,0.0
808.0,-200.34609985351562,187.0,0.0,2.0,2.0,0.0
809.0,-0.41141587495803833,246.0,1.0,0.0,0.0,0.0
810.0,-200.2317657470703,152.0,0.0,2.0,2.0,0.0
811.0,-100.25360870361328,205.0,0.0,1.0,1.0,0.0
812.0,-200.24154663085938,187.0,0.0,2.0,2.0,0.0
813.0,-100.19190216064453,211.0,0.0,1.0,1.0,0.0
814.0,-200.14466857910156,194.0,0.0,2.0,2.0,0.0
815.0,-100.13987731933594,178.0,0.0,1.0,1.0,0.0
816.0,-100.1055908203125,215.0,0.0,1.0,1.0,0.0
817.0,-200.06153869628906,268.0,0.0,2.0,2.0,0.0
818.0,-100.03620910644531,195.0,0.0,1.0,1.0,0.0
819.0,-100.00245666503906,204.0,0.0,1.0,1.0,0.0
820.0,0.0,214.0,1.0,0.0,0.0,0.0
821.0,-300.0,159.0,0.0,3.0,3.0,0.0
822.0,-200.0,198.0,0.0,2.0,2.0,0.0
823.0,-100.0,263.0,0.0,1.0,1.0,0.0
824.0,-200.0,318.0,0.0,2.0,2.0,0.0
825.0,-100.0,268.0,0.0,1.0,1.0,0.0
826.0,-200.0,186.0,0.0,2.0,2.0,0.0
827.0,-200.0,154.0,0.0,2.0,2.0,0.0
828.0,-300.0,230.0,0.0,3.0,3.0,0.0
829.0,-300.0,197.0,0.0,3.0,3.0,0.0
830.0,-200.0,149.0,0.0,2.0,2.0,0.0
831.0,-13.4399995803833,212.0,1.0,0.0,0.0,0.0
832.0,-108.41453552246094,202.0,0.0,1.0,1.0,0.0
833.0,-17.500839233398438,244.0,1.0,0.0,0.0,0.0
834.0,-6.642724990844727,165.0,1.0,0.0,0.0,0.0
835.0,-0.4821206331253052,282.0,1.0,0.0,0.0,0.0
836.0,-7.641814708709717,215.0,1.0,0.0,0.0,0.0
837.0,-0.00011433482723077759,260.0,1.0,0.0,0.0,0.0
838.0,-31.810306549072266,312.0,1.0,0.0,0.0,0.0
839.0,-17.144487380981445,201.0,1.0,0.0,0.0,0.0
840.0,-17.135498046875,220.0,1.0,0.0,0.0,0.0
841.0,-10.713293075561523,273.0,1.0,0.0,0.0,0.0
842.0,-100.20645904541016,258.0,0.0,1.0,1.0,0.0
843.0,-13.989265441894531,225.0,1.0,0.0,0.0,0.0
844.0,-19.157934188842773,236.0,1.0,0.0,0.0,0.0
845.0,-18.123600006103516,231.0,1.0,0.0,0.0,0.0
846.0,-8.496142387390137,176.0,1.0,0.0,0.0,0.0
847.0,0.0,201.0,1.0,0.0,0.0,0.0
848.0,-2.0965707302093506,315.0,1.0,0.0,0.0,0.0
849.0,-108.80447387695312,223.0,0.0,1.0,1.0,0.0
850.0,-11.279999732971191,324.0,1.0,0.0,0.0,0.0
851.0,-0.0004276430408935994,248.0,1.0,0.0,0.0,0.0
852.0,-2.940000295639038,233.0,1.0,0.0,0.0,0.0
853.0,-106.86102294921875,190.0,0.0,1.0,1.0,0.0
854.0,-9.120294570922852,210.0,1.0,0.0,0.0,0.0
855.0,-13.079999923706055,326.0,1.0,0.0,0.0,0.0
856.0,-4.848898410797119,206.0,1.0,0.0,0.0,0.0
857.0,-3.03070068359375,296.0,1.0,0.0,0.0,0.0
858.0,-4.53269624710083,239.0,1.0,0.0,0.0,0.0
859.0,-7.263309478759766,202.0,1.0,0.0,0.0,0.0
860.0,-7.637523651123047,220.0,1.0,0.0,0.0,0.0
861.0,-7.41024112701416,159.0,1.0,0.0,0.0,0.0
862.0,-9.949967384338379,189.0,1.0,0.0,0.0,0.0
863.0,-0.0008278250461444259,208.0,1.0,0.0,0.0,0.0
864.0,-107.42265319824219,255.0,0.0,1.0,1.0,0.0
865.0,-13.224479675292969,283.0,1.0,0.0,0.0,0.0
866.0,-29.896503448486328,186.0,1.0,0.0,0.0,0.0
867.0,-1.4568430185317993,234.0,1.0,0.0,0.0,0.0
868.0,-17.02362823486328,241.0,1.0,0.0,0.0,0.0
869.0,-106.85079956054688,193.0,0.0,1.0,1.0,0.0
870.0,-5.36476993560791,192.0,1.0,0.0,0.0,0.0
871.0,-4.843712304136716e-05,257.0,1.0,0.0,0.0,0.0
872.0,-104.34355926513672,286.0,0.0,1.0,1.0,0.0
873.0,0.0,248.0,1.0,0.0,0.0,0.0
874.0,-8.949237823486328,182.0,1.0,0.0,0.0,0.0
875.0,-107.19403839111328,226.0,0.0,1.0,1.0,0.0
876.0,0.0,338.0,1.0,0.0,0.0,0.0
877.0,-1.4700000286102295,410.0,1.0,0.0,0.0,0.0
878.0,-3.0299999713897705,264.0,1.0,0.0,0.0,0.0
879.0,-9.832972526550293,177.0,1.0,0.0,0.0,0.0
880.0,-5.175291061401367,212.0,1.0,0.0,0.0,0.0
881.0,-1.9800000190734863,256.0,1.0,0.0,0.0,0.0
882.0,-6.659999847412109,192.0,1.0,0.0,0.0,0.0
883.0,-1.4700000286102295,205.0,1.0,0.0,0.0,0.0
884.0,-9.853679656982422,235.0,1.0,0.0,0.0,0.0
885.0,-7.5577168464660645,324.0,1.0,0.0,0.0,0.0
886.0,-124.04288482666016,195.0,0.0,1.0,1.0,0.0
887.0,0.0,290.0,1.0,0.0,0.0,0.0
888.0,-7.689999580383301,211.0,1.0,0.0,0.0,0.0
889.0,-100.21553802490234,205.0,0.0,1.0,1.0,0.0
890.0,0.0,252.0,1.0,0.0,0.0,0.0
891.0,-4.9700727462768555,217.0,1.0,0.0,0.0,0.0
892.0,-112.57123565673828,223.0,0.0,1.0,1.0,0.0
893.0,-4.763943672180176,244.0,1.0,0.0,0.0,0.0
894.0,-2.5,234.0,1.0,0.0,0.0,0.0
895.0,-0.00688559515401721,304.0,1.0,0.0,0.0,0.0
896.0,-0.4800008535385132,182.0,1.0,0.0,0.0,0.0
897.0,0.0,308.0,1.0,0.0,0.0,0.0
898.0,-13.619857788085938,246.0,1.0,0.0,0.0,0.0
899.0,-10.138002395629883,207.0,1.0,0.0,0.0,0.0
900.0,-1.470314621925354,261.0,1.0,0.0,0.0,0.0
901.0,-5.564570165006444e-05,273.0,1.0,0.0,0.0,0.0
902.0,-1.4843310117721558,223.0,1.0,0.0,0.0,0.0
903.0,-10.3325777053833,187.0,1.0,0.0,0.0,0.0
904.0,-0.0013666701270267367,310.0,1.0,0.0,0.0,0.0
905.0,-9.303070068359375,211.0,1.0,0.0,0.0,0.0
906.0,-9.150505320576485e-06,328.0,1.0,0.0,0.0,0.0
907.0,-5.203797340393066,217.0,1.0,0.0,0.0,0.0
908.0,-10.06290054321289,218.0,1.0,0.0,0.0,0.0
909.0,-4.862980365753174,259.0,1.0,0.0,0.0,0.0
910.0,-8.17998218536377,173.0,1.0,0.0,0.0,0.0
911.0,-25872.23828125,1026.0,0.0,1.0,1.0,0.0
912.0,-13.177494049072266,183.0,1.0,0.0,0.0,0.0
913.0,-111.57720184326172,147.0,0.0,1.0,1.0,0.0
914.0,-7.171424865722656,174.0,1.0,0.0,0.0,0.0
915.0,-12.706527709960938,223.0,1.0,0.0,0.0,0.0
916.0,-3.8107199668884277,199.0,1.0,0.0,0.0,0.0
917.0,-2.9616000652313232,189.0,1.0,0.0,0.0,0.0
918.0,0.0,315.0,1.0,0.0,0.0,0.0
919.0,0.0,323.0,1.0,0.0,0.0,0.0
920.0,-105.46609497070312,252.0,0.0,1.0,1.0,0.0
921.0,-105.71630859375,281.0,0.0,1.0,1.0,0.0
922.0,-200.18447875976562,203.0,0.0,2.0,2.0,0.0
923.0,-100.0,270.0,0.0,1.0,1.0,0.0
924.0,-100.0,294.0,0.0,1.0,1.0,0.0
925.0,-100.0,163.0,0.0,1.0,1.0,0.0
926.0,-200.0,169.0,0.0,2.0,2.0,0.0
927.0,-100.00473022460938,209.0,0.0,1.0,1.0,0.0
928.0,0.0,406.0,1.0,0.0,0.0,0.0
929.0,-100.0,196.0,0.0,1.0,1.0,0.0
930.0,-100.00016021728516,296.0,0.0,1.0,1.0,0.0
931.0,0.0,243.0,1.0,0.0,0.0,0.0
932.0,-200.0,295.0,0.0,2.0,2.0,0.0
933.0,0.0,215.0,1.0,0.0,0.0,0.0
934.0,-200.0,242.0,0.0,2.0,2.0,0.0
935.0,-100.0,263.0,0.0,1.0,1.0,0.0
936.0,0.0,309.0,1.0,0.0,0.0,0.0
937.0,-200.0,241.0,0.0,2.0,2.0,0.0
938.0,-200.0,159.0,0.0,2.0,2.0,0.0
939.0,-200.0,226.0,0.0,2.0,2.0,0.0
940.0,-200.0,200.0,0.0,2.0,2.0,0.0
941.0,-100.0,234.0,0.0,1.0,1.0,0.0
942.0,-100.0,206.0,0.0,1.0,1.0,0.0
943.0,0.0,331.0,1.0,0.0,0.0,0.0
944.0,-200.0,257.0,0.0,2.0,2.0,0.0
945.0,-100.0,246.0,0.0,1.0,1.0,0.0
946.0,-200.0,201.0,0.0,2.0,2.0,0.0
947.0,-400.0,151.0,0.0,4.0,4.0,0.0
948.0,-300.0,269.0,0.0,3.0,3.0,0.0
949.0,-100.0,207.0,0.0,1.0,1.0,0.0
950.0,-200.0,216.0,0.0,2.0,2.0,0.0
951.0,0.0,266.0,1.0,0.0,0.0,0.0
952.0,0.0,247.0,1.0,0.0,0.0,0.0
953.0,0.0,223.0,1.0,0.0,0.0,0.0
954.0,0.0,240.0,1.0,0.0,0.0,0.0
955.0,-100.0,204.0,0.0,1.0,1.0,0.0
956.0,-200.0,241.0,0.0,2.0,2.0,0.0
957.0,-200.0,241.0,0.0,2.0,2.0,0.0
958.0,-100.0,210.0,0.0,1.0,1.0,0.0
959.0,-200.0,215.0,0.0,2.0,2.0,0.0
960.0,-200.0,230.0,0.0,2.0,2.0,0.0
961.0,-200.0,199.0,0.0,2.0,2.0,0.0
962.0,-100.0,192.0,0.0,1.0,1.0,0.0
963.0,-200.0,214.0,0.0,2.0,2.0,0.0
964.0,-100.0,219.0,0.0,1.0,1.0,0.0
965.0,-100.0,220.0,0.0,1.0,1.0,0.0
966.0,-100.0,287.0,0.0,1.0,1.0,0.0
967.0,0.0,210.0,1.0,0.0,0.0,0.0
968.0,-100.0,274.0,0.0,1.0,1.0,0.0
969.0,-200.0,205.0,0.0,2.0,2.0,0.0
970.0,-200.0,168.0,0.0,2.0,2.0,0.0
971.0,-100.0,218.0,0.0,1.0,1.0,0.0
972.0,-200.0,204.0,0.0,2.0,2.0,0.0
973.0,-100.0,143.0,0.0,1.0,1.0,0.0
974.0,-100.0,163.0,0.0,1.0,1.0,0.0
975.0,-200.0,177.0,0.0,2.0,2.0,0.0
976.0,-300.0,187.0,0.0,3.0,3.0,0.0
977.0,-200.0,267.0,0.0,2.0,2.0,0.0
978.0,-300.0,136.0,0.0,3.0,3.0,0.0
979.0,-200.0,162.0,0.0,2.0,2.0,0.0
980.0,-200.0,208.0,0.0,2.0,2.0,0.0
981.0,0.0,253.0,1.0,0.0,0.0,0.0
982.0,-300.0,156.0,0.0,3.0,3.0,0.0
983.0,-100.0,351.0,0.0,1.0,1.0,0.0
984.0,-200.0,210.0,0.0,2.0,2.0,0.0
985.0,-300.0,130.0,0.0,3.0,3.0,0.0
986.0,-100.0,248.0,0.0,1.0,1.0,0.0
987.0,0.0,268.0,1.0,0.0,0.0,0.0
988.0,-200.0,175.0,0.0,2.0,2.0,0.0
989.0,-200.0,307.0,0.0,2.0,2.0,0.0
990.0,-100.0,193.0,0.0,1.0,1.0,0.0
991.0,0.0,288.0,1.0,0.0,0.0,0.0
992.0,-200.0,207.0,0.0,2.0,2.0,0.0
993.0,0.0,271.0,1.0,0.0,0.0,0.0
994.0,-100.0,219.0,0.0,1.0,1.0,0.0
995.0,0.0,263.0,1.0,0.0,0.0,0.0
996.0,-100.0,283.0,0.0,1.0,1.0,0.0
997.0,-100.0,166.0,0.0,1.0,1.0,0.0
998.0,-100.0,215.0,0.0,1.0,1.0,0.0
999.0,-100.0,224.0,0.0,1.0,1.0,0.0
1000.0,-100.0,203.0,0.0,1.0,1.0,0.0
1001.0,-200.0,179.0,0.0,2.0,2.0,0.0
1002.0,-200.0,148.0,0.0,2.0,2.0,0.0
1003.0,-100.0,248.0,0.0,1.0,1.0,0.0
1004.0,-200.0,146.0,0.0,2.0,2.0,0.0
1005.0,-100.0,245.0,0.0,1.0,1.0,0.0
1006.0,-100.0,180.0,0.0,1.0,1.0,0.0
1007.0,-200.0,193.0,0.0,2.0,2.0,0.0
1008.0,-200.0,152.0,0.0,2.0,2.0,0.0
1009.0,-200.0,198.0,0.0,2.0,2.0,0.0
1010.0,0.0,261.0,1.0,0.0,0.0,0.0
1011.0,-200.0,178.0,0.0,2.0,2.0,0.0
1012.0,-200.0,229.0,0.0,2.0,2.0,0.0
1013.0,-100.0,330.0,0.0,1.0,1.0,0.0
1014.0,-200.0,245.0,0.0,2.0,2.0,0.0
1015.0,-200.0,178.0,0.0,2.0,2.0,0.0
1016.0,-200.0,168.0,0.0,2.0,2.0,0.0
1017.0,-200.0,166.0,0.0,2.0,2.0,0.0
1018.0,-100.0,213.0,0.0,1.0,1.0,0.0
1019.0,-200.0,212.0,0.0,2.0,2.0,0.0
1020.0,-200.0,166.0,0.0,2.0,2.0,0.0
1021.0,-300.0,269.0,0.0,3.0,3.0,0.0
1022.0,-200.0,191.0,0.0,2.0,2.0,0.0
1023.0,-200.0,212.0,0.0,2.0,2.0,0.0
1024.0,-200.0,205.0,0.0,2.0,2.0,0.0
1025.0,-100.0,255.0,0.0,1.0,1.0,0.0
1026.0,-200.0,154.0,0.0,2.0,2.0,0.0
1027.0,-200.0,193.0,0.0,2.0,2.0,0.0
1028.0,0.0,247.0,1.0,0.0,0.0,0.0
1029.0,-200.0,298.0,0.0,2.0,2.0,0.0
1030.0,-100.0,265.0,0.0,1.0,1.0,0.0
1031.0,-200.0,183.0,0.0,2.0,2.0,0.0
1032.0,-100.0,334.0,0.0,1.0,1.0,0.0
1033.0,-200.0,188.0,0.0,2.0,2.0,0.0
1034.0,-100.0,187.0,0.0,1.0,1.0,0.0
1035.0,0.0,174.0,1.0,0.0,0.0,0.0
